name,time,event
Afghanistan,1973,1
Afghanistan,1979,4
Afghanistan,1987,5
Afghanistan,1988,16
Afghanistan,1989,26
Afghanistan,1990,28
Afghanistan,1991,58
Afghanistan,1992,94
Afghanistan,1994,103
Afghanistan,1995,109
Afghanistan,1996,113
Afghanistan,1997,114
Afghanistan,1998,115
Afghanistan,1999,124
Afghanistan,2000,138
Afghanistan,2001,152
Afghanistan,2002,190
Afghanistan,2003,290
Afghanistan,2004,378
Afghanistan,2005,533
Afghanistan,2006,815
Afghanistan,2007,1156
Afghanistan,2008,1570
Afghanistan,2009,2073
Afghanistan,2010,2615
Afghanistan,2011,3036
Afghanistan,2012,4505
Afghanistan,2013,5948
Afghanistan,2014,7772
Afghanistan,2015,9700
Afghanistan,2016,11317
Afghanistan,2017,12731
Albania,1981,1
Albania,1990,2
Albania,1991,3
Albania,1992,6
Albania,1994,8
Albania,1996,14
Albania,1997,55
Albania,1998,62
Albania,1999,65
Albania,2000,67
Albania,2001,68
Albania,2003,69
Albania,2009,70
Albania,2013,71
Albania,2014,73
Albania,2015,77
Albania,2016,79
Albania,2017,80
Algeria,1972,1
Algeria,1976,2
Algeria,1978,3
Algeria,1979,4
Algeria,1990,6
Algeria,1991,36
Algeria,1992,251
Algeria,1994,478
Algeria,1995,663
Algeria,1996,792
Algeria,1997,1136
Algeria,1998,1287
Algeria,1999,1393
Algeria,2000,1531
Algeria,2001,1644
Algeria,2002,1776
Algeria,2003,1851
Algeria,2004,1918
Algeria,2005,2022
Algeria,2006,2174
Algeria,2007,2298
Algeria,2008,2405
Algeria,2009,2513
Algeria,2010,2613
Algeria,2011,2628
Algeria,2012,2669
Algeria,2013,2691
Algeria,2014,2704
Algeria,2015,2720
Algeria,2016,2729
Algeria,2017,2743
Andorra,1974,1
Angola,1977,1
Angola,1978,3
Angola,1979,6
Angola,1981,7
Angola,1982,9
Angola,1983,16
Angola,1984,27
Angola,1985,33
Angola,1986,38
Angola,1987,41
Angola,1988,53
Angola,1989,65
Angola,1990,270
Angola,1991,286
Angola,1992,336
Angola,1994,345
Angola,1995,355
Angola,1996,359
Angola,1997,366
Angola,1998,386
Angola,1999,420
Angola,2000,442
Angola,2001,482
Angola,2002,488
Angola,2009,489
Angola,2010,491
Angola,2016,493
Angola,2017,499
Antigua and Barbuda,1992,1
Argentina,1970,21
Argentina,1971,28
Argentina,1972,48
Argentina,1973,108
Argentina,1974,179
Argentina,1975,217
Argentina,1976,271
Argentina,1977,288
Argentina,1978,313
Argentina,1979,329
Argentina,1980,335
Argentina,1981,337
Argentina,1982,346
Argentina,1983,364
Argentina,1984,410
Argentina,1985,453
Argentina,1986,486
Argentina,1987,566
Argentina,1988,599
Argentina,1989,631
Argentina,1990,662
Argentina,1991,689
Argentina,1992,730
Argentina,1994,744
Argentina,1995,760
Argentina,1996,779
Argentina,1997,790
Argentina,1999,791
Argentina,2001,793
Argentina,2003,794
Argentina,2005,797
Argentina,2009,798
Argentina,2010,803
Argentina,2011,804
Argentina,2012,806
Argentina,2013,808
Argentina,2014,809
Argentina,2015,810
Argentina,2016,812
Argentina,2017,815
Armenia,1991,1
Armenia,1992,3
Armenia,1994,7
Armenia,1995,8
Armenia,1996,9
Armenia,1998,11
Armenia,1999,13
Armenia,2000,15
Armenia,2001,17
Armenia,2007,18
Armenia,2009,19
Armenia,2013,20
Armenia,2015,22
Armenia,2016,24
Australia,1970,1
Australia,1971,2
Australia,1972,10
Australia,1974,11
Australia,1978,13
Australia,1979,15
Australia,1980,21
Australia,1981,22
Australia,1982,24
Australia,1986,26
Australia,1988,29
Australia,1989,31
Australia,1991,35
Australia,1992,39
Australia,1994,48
Australia,1995,53
Australia,1996,58
Australia,1997,62
Australia,1998,68
Australia,2000,69
Australia,2001,71
Australia,2006,73
Australia,2008,76
Australia,2009,77
Australia,2010,78
Australia,2013,79
Australia,2014,87
Australia,2015,101
Australia,2016,110
Australia,2017,114
Austria,1972,7
Austria,1973,9
Austria,1974,10
Austria,1975,12
Austria,1976,16
Austria,1977,21
Austria,1978,22
Austria,1979,27
Austria,1980,29
Austria,1981,32
Austria,1982,43
Austria,1984,47
Austria,1985,51
Austria,1986,55
Austria,1987,59
Austria,1988,60
Austria,1989,62
Austria,1990,63
Austria,1991,66
Austria,1992,74
Austria,1994,79
Austria,1995,91
Austria,1996,95
Austria,1997,96
Austria,1998,97
Austria,2006,98
Austria,2007,99
Austria,2008,106
Austria,2009,109
Austria,2011,110
Austria,2013,111
Austria,2016,114
Austria,2017,115
Azerbaijan,1991,3
Azerbaijan,1992,15
Azerbaijan,1994,26
Azerbaijan,1995,28
Azerbaijan,1996,30
Azerbaijan,1997,31
Azerbaijan,2000,32
Azerbaijan,2001,36
Azerbaijan,2002,37
Azerbaijan,2007,38
Azerbaijan,2008,40
Azerbaijan,2009,42
Azerbaijan,2014,45
Azerbaijan,2016,47
Azerbaijan,2017,49
Bahamas,1976,1
Bahamas,1981,2
Bahamas,1997,4
Bahamas,2013,5
Bahrain,1979,1
Bahrain,1980,2
Bahrain,1991,3
Bahrain,1994,4
Bahrain,1995,12
Bahrain,1996,28
Bahrain,1997,39
Bahrain,2003,40
Bahrain,2006,41
Bahrain,2008,42
Bahrain,2010,44
Bahrain,2011,45
Bahrain,2012,71
Bahrain,2013,123
Bahrain,2014,165
Bahrain,2015,183
Bahrain,2016,186
Bahrain,2017,207
Bangladesh,1977,1
Bangladesh,1979,2
Bangladesh,1980,3
Bangladesh,1981,4
Bangladesh,1982,5
Bangladesh,1984,6
Bangladesh,1985,7
Bangladesh,1986,18
Bangladesh,1987,24
Bangladesh,1988,60
Bangladesh,1989,96
Bangladesh,1990,118
Bangladesh,1991,160
Bangladesh,1992,236
Bangladesh,1994,304
Bangladesh,1995,378
Bangladesh,1996,539
Bangladesh,1997,556
Bangladesh,1998,558
Bangladesh,1999,569
Bangladesh,2000,592
Bangladesh,2001,607
Bangladesh,2002,612
Bangladesh,2003,616
Bangladesh,2004,627
Bangladesh,2005,650
Bangladesh,2006,673
Bangladesh,2007,682
Bangladesh,2008,701
Bangladesh,2009,728
Bangladesh,2010,750
Bangladesh,2011,763
Bangladesh,2012,781
Bangladesh,2013,920
Bangladesh,2014,1050
Bangladesh,2015,1519
Bangladesh,2016,1607
Bangladesh,2017,1648
Barbados,1976,2
Barbados,1992,3
Belarus,1994,1
Belarus,1997,3
Belarus,1999,4
Belarus,2001,5
Belarus,2006,6
Belarus,2008,7
Belarus,2010,9
Belarus,2011,10
Belarus,2012,13
Belgium,1970,1
Belgium,1972,5
Belgium,1973,6
Belgium,1974,11
Belgium,1976,12
Belgium,1977,13
Belgium,1978,21
Belgium,1979,29
Belgium,1980,37
Belgium,1981,43
Belgium,1982,44
Belgium,1983,52
Belgium,1984,62
Belgium,1985,83
Belgium,1986,86
Belgium,1987,87
Belgium,1988,92
Belgium,1989,99
Belgium,1990,101
Belgium,1991,107
Belgium,1992,116
Belgium,1994,121
Belgium,1995,122
Belgium,1997,124
Belgium,1998,127
Belgium,1999,129
Belgium,2002,132
Belgium,2003,140
Belgium,2007,141
Belgium,2009,142
Belgium,2012,143
Belgium,2014,145
Belgium,2016,151
Belgium,2017,154
Belize,1980,1
Belize,1991,4
Belize,1992,6
Belize,2000,7
Belize,2013,8
Benin,1992,1
Benin,1994,4
Benin,1995,5
Benin,1996,7
Benin,2007,8
Bhutan,2006,1
Bhutan,2008,4
Bhutan,2011,5
Bhutan,2014,6
Bolivia,1970,1
Bolivia,1971,3
Bolivia,1974,4
Bolivia,1976,5
Bolivia,1977,6
Bolivia,1978,9
Bolivia,1979,23
Bolivia,1980,58
Bolivia,1981,63
Bolivia,1982,90
Bolivia,1983,117
Bolivia,1984,131
Bolivia,1985,144
Bolivia,1986,148
Bolivia,1987,162
Bolivia,1988,173
Bolivia,1989,213
Bolivia,1990,224
Bolivia,1991,252
Bolivia,1992,290
Bolivia,1994,298
Bolivia,1995,300
Bolivia,1996,301
Bolivia,1997,305
Bolivia,2003,306
Bolivia,2005,307
Bolivia,2007,310
Bolivia,2009,313
Bolivia,2012,314
Bosnia-Herzegovina,1992,22
Bosnia-Herzegovina,1994,31
Bosnia-Herzegovina,1995,37
Bosnia-Herzegovina,1996,70
Bosnia-Herzegovina,1997,112
Bosnia-Herzegovina,1998,121
Bosnia-Herzegovina,1999,126
Bosnia-Herzegovina,2000,132
Bosnia-Herzegovina,2001,134
Bosnia-Herzegovina,2002,137
Bosnia-Herzegovina,2003,138
Bosnia-Herzegovina,2005,139
Bosnia-Herzegovina,2006,140
Bosnia-Herzegovina,2007,142
Bosnia-Herzegovina,2008,146
Bosnia-Herzegovina,2009,147
Bosnia-Herzegovina,2010,148
Bosnia-Herzegovina,2011,149
Bosnia-Herzegovina,2013,150
Bosnia-Herzegovina,2014,153
Bosnia-Herzegovina,2015,159
Botswana,1974,1
Botswana,1985,2
Botswana,1987,3
Botswana,1988,6
Botswana,1989,8
Botswana,1990,9
Botswana,1995,10
Brazil,1970,6
Brazil,1971,9
Brazil,1972,12
Brazil,1973,14
Brazil,1976,19
Brazil,1977,20
Brazil,1978,25
Brazil,1979,31
Brazil,1980,50
Brazil,1981,61
Brazil,1982,65
Brazil,1983,73
Brazil,1984,78
Brazil,1985,79
Brazil,1986,82
Brazil,1987,83
Brazil,1988,85
Brazil,1989,90
Brazil,1990,97
Brazil,1991,121
Brazil,1992,145
Brazil,1994,164
Brazil,1995,187
Brazil,1996,205
Brazil,1997,244
Brazil,1998,246
Brazil,1999,247
Brazil,2000,249
Brazil,2001,252
Brazil,2002,253
Brazil,2003,254
Brazil,2006,257
Brazil,2012,258
Brazil,2013,261
Brazil,2014,264
Brazil,2015,269
Brazil,2016,271
Brazil,2017,273
Brunei,1972,5
Brunei,1992,6
Bulgaria,1982,2
Bulgaria,1984,3
Bulgaria,1990,8
Bulgaria,1991,11
Bulgaria,1992,13
Bulgaria,1994,15
Bulgaria,1995,17
Bulgaria,1996,29
Bulgaria,1997,32
Bulgaria,1998,34
Bulgaria,1999,35
Bulgaria,2000,37
Bulgaria,2001,38
Bulgaria,2002,39
Bulgaria,2008,41
Bulgaria,2011,43
Bulgaria,2012,45
Bulgaria,2013,48
Bulgaria,2014,49
Bulgaria,2015,51
Bulgaria,2016,52
Burkina Faso,1984,1
Burkina Faso,1991,3
Burkina Faso,2013,4
Burkina Faso,2015,10
Burkina Faso,2016,20
Burkina Faso,2017,52
Burundi,1991,7
Burundi,1992,9
Burundi,1994,25
Burundi,1995,108
Burundi,1996,143
Burundi,1997,222
Burundi,1998,235
Burundi,1999,248
Burundi,2000,265
Burundi,2001,302
Burundi,2002,320
Burundi,2003,338
Burundi,2004,339
Burundi,2005,344
Burundi,2006,349
Burundi,2007,352
Burundi,2008,359
Burundi,2010,388
Burundi,2011,396
Burundi,2012,400
Burundi,2013,402
Burundi,2014,407
Burundi,2015,509
Burundi,2016,592
Burundi,2017,613
Cambodia,1971,2
Cambodia,1972,4
Cambodia,1978,5
Cambodia,1989,7
Cambodia,1990,9
Cambodia,1991,12
Cambodia,1992,79
Cambodia,1994,118
Cambodia,1995,174
Cambodia,1996,207
Cambodia,1997,225
Cambodia,1998,232
Cambodia,1999,240
Cambodia,2000,244
Cambodia,2001,251
Cambodia,2002,254
Cambodia,2003,255
Cambodia,2008,257
Cambodia,2013,259
Cameroon,1991,4
Cameroon,1992,10
Cameroon,1994,16
Cameroon,1995,18
Cameroon,1998,19
Cameroon,2007,20
Cameroon,2008,21
Cameroon,2009,22
Cameroon,2010,25
Cameroon,2011,28
Cameroon,2013,31
Cameroon,2014,99
Cameroon,2015,182
Cameroon,2016,238
Cameroon,2017,332
Canada,1970,2
Canada,1972,6
Canada,1974,7
Canada,1980,10
Canada,1982,15
Canada,1983,16
Canada,1985,19
Canada,1986,21
Canada,1989,22
Canada,1992,25
Canada,1994,29
Canada,1995,34
Canada,1996,35
Canada,1997,37
Canada,1998,41
Canada,1999,43
Canada,2000,48
Canada,2004,50
Canada,2006,52
Canada,2008,57
Canada,2009,61
Canada,2010,63
Canada,2012,66
Canada,2013,70
Canada,2014,73
Canada,2015,78
Canada,2016,84
Canada,2017,96
Central African Republic,1981,1
Central African Republic,1986,2
Central African Republic,1991,6
Central African Republic,1992,7
Central African Republic,1994,8
Central African Republic,1996,9
Central African Republic,2000,10
Central African Republic,2001,11
Central African Republic,2006,12
Central African Republic,2007,13
Central African Republic,2008,15
Central African Republic,2009,20
Central African Republic,2010,33
Central African Republic,2011,36
Central African Republic,2012,40
Central African Republic,2013,60
Central African Republic,2014,154
Central African Republic,2015,202
Central African Republic,2016,240
Central African Republic,2017,283
Chad,1974,1
Chad,1984,2
Chad,1985,3
Chad,1986,4
Chad,1991,6
Chad,1992,10
Chad,1994,11
Chad,1995,14
Chad,1996,15
Chad,1997,16
Chad,1998,17
Chad,1999,18
Chad,2002,22
Chad,2006,33
Chad,2007,40
Chad,2008,48
Chad,2009,51
Chad,2010,52
Chad,2014,53
Chad,2015,80
Chad,2016,85
Chad,2017,91
Chile,1973,7
Chile,1976,9
Chile,1977,15
Chile,1978,23
Chile,1979,72
Chile,1980,113
Chile,1981,147
Chile,1982,168
Chile,1983,274
Chile,1984,837
Chile,1985,1069
Chile,1986,1312
Chile,1987,1485
Chile,1988,1670
Chile,1989,1816
Chile,1990,1977
Chile,1991,2104
Chile,1992,2220
Chile,1994,2235
Chile,1995,2252
Chile,1996,2260
Chile,1997,2266
Chile,1998,2267
Chile,1999,2270
Chile,2000,2272
Chile,2001,2275
Chile,2002,2276
Chile,2003,2278
Chile,2006,2279
Chile,2007,2287
Chile,2008,2291
Chile,2009,2299
Chile,2010,2304
Chile,2011,2310
Chile,2012,2312
Chile,2013,2317
Chile,2014,2334
Chile,2015,2335
Chile,2016,2353
Chile,2017,2365
China,1989,3
China,1990,4
China,1991,5
China,1992,10
China,1994,23
China,1995,31
China,1996,93
China,1997,111
China,1998,113
China,1999,115
China,2000,119
China,2001,131
China,2002,133
China,2003,136
China,2004,138
China,2005,139
China,2008,159
China,2009,166
China,2010,167
China,2011,171
China,2012,175
China,2013,187
China,2014,224
China,2015,241
China,2016,246
China,2017,252
Colombia,1970,1
Colombia,1972,3
Colombia,1973,9
Colombia,1975,19
Colombia,1976,41
Colombia,1977,121
Colombia,1978,279
Colombia,1979,419
Colombia,1980,560
Colombia,1981,732
Colombia,1982,954
Colombia,1983,1188
Colombia,1984,1425
Colombia,1985,1807
Colombia,1986,2114
Colombia,1987,2451
Colombia,1988,2878
Colombia,1989,3370
Colombia,1990,3719
Colombia,1991,4139
Colombia,1992,4662
Colombia,1994,4863
Colombia,1995,4986
Colombia,1996,5395
Colombia,1997,5993
Colombia,1998,6087
Colombia,1999,6203
Colombia,2000,6340
Colombia,2001,6547
Colombia,2002,6697
Colombia,2003,6795
Colombia,2004,6832
Colombia,2005,6874
Colombia,2006,6917
Colombia,2007,6947
Colombia,2008,7080
Colombia,2009,7219
Colombia,2010,7355
Colombia,2011,7449
Colombia,2012,7564
Colombia,2013,7713
Colombia,2014,7944
Colombia,2015,8080
Colombia,2016,8189
Colombia,2017,8306
Comoros,1992,1
Comoros,1994,2
Comoros,1997,5
Costa Rica,1971,1
Costa Rica,1976,13
Costa Rica,1977,18
Costa Rica,1978,20
Costa Rica,1979,22
Costa Rica,1980,25
Costa Rica,1981,35
Costa Rica,1982,41
Costa Rica,1983,44
Costa Rica,1984,46
Costa Rica,1985,51
Costa Rica,1986,52
Costa Rica,1987,55
Costa Rica,1988,57
Costa Rica,1989,58
Costa Rica,1990,59
Costa Rica,1991,61
Costa Rica,1992,63
Costa Rica,1994,64
Costa Rica,1996,65
Costa Rica,1997,66
Costa Rica,2001,67
Croatia,1991,26
Croatia,1992,30
Croatia,1994,34
Croatia,1995,35
Croatia,1996,38
Croatia,1997,46
Croatia,2000,48
Croatia,2001,51
Croatia,2005,52
Croatia,2008,54
Croatia,2009,55
Croatia,2013,57
Cuba,1991,1
Cuba,1992,5
Cuba,1994,14
Cuba,1996,15
Cuba,1997,29
Cuba,2007,30
Cyprus,1973,3
Cyprus,1975,5
Cyprus,1977,6
Cyprus,1978,8
Cyprus,1979,13
Cyprus,1980,14
Cyprus,1981,17
Cyprus,1982,18
Cyprus,1983,20
Cyprus,1984,27
Cyprus,1985,34
Cyprus,1986,37
Cyprus,1987,47
Cyprus,1988,52
Cyprus,1989,58
Cyprus,1990,69
Cyprus,1991,80
Cyprus,1992,86
Cyprus,1994,92
Cyprus,1995,95
Cyprus,1996,105
Cyprus,1998,106
Cyprus,1999,107
Cyprus,2000,109
Cyprus,2001,110
Cyprus,2004,111
Cyprus,2007,112
Cyprus,2012,113
Cyprus,2013,122
Cyprus,2014,127
Cyprus,2015,130
Cyprus,2016,132
Czech Republic,1994,1
Czech Republic,1995,4
Czech Republic,1996,7
Czech Republic,1997,11
Czech Republic,2001,12
Czech Republic,2003,13
Czech Republic,2008,15
Czech Republic,2009,16
Czech Republic,2011,17
Czech Republic,2013,18
Czech Republic,2014,23
Czech Republic,2015,27
Czech Republic,2016,29
Czech Republic,2017,32
Czechoslovakia,1972,1
Czechoslovakia,1989,5
Czechoslovakia,1990,6
Czechoslovakia,1991,7
Czechoslovakia,1992,10
Democratic Republic of the Congo,1997,1
Democratic Republic of the Congo,1998,5
Democratic Republic of the Congo,1999,8
Democratic Republic of the Congo,2000,11
Democratic Republic of the Congo,2001,16
Democratic Republic of the Congo,2002,23
Democratic Republic of the Congo,2003,29
Democratic Republic of the Congo,2004,34
Democratic Republic of the Congo,2005,39
Democratic Republic of the Congo,2006,44
Democratic Republic of the Congo,2007,55
Democratic Republic of the Congo,2008,75
Democratic Republic of the Congo,2009,129
Democratic Republic of the Congo,2010,147
Democratic Republic of the Congo,2011,163
Democratic Republic of the Congo,2012,188
Democratic Republic of the Congo,2013,210
Democratic Republic of the Congo,2014,320
Democratic Republic of the Congo,2015,463
Democratic Republic of the Congo,2016,632
Democratic Republic of the Congo,2017,775
Denmark,1978,1
Denmark,1979,4
Denmark,1980,5
Denmark,1981,11
Denmark,1985,15
Denmark,1986,17
Denmark,1987,19
Denmark,1988,20
Denmark,1989,21
Denmark,1991,22
Denmark,1992,26
Denmark,1995,32
Denmark,1999,33
Denmark,2008,34
Denmark,2010,35
Denmark,2013,36
Denmark,2015,40
Denmark,2016,41
Djibouti,1977,1
Djibouti,1979,2
Djibouti,1987,3
Djibouti,1988,5
Djibouti,1990,6
Djibouti,1991,7
Djibouti,1992,13
Djibouti,1994,15
Djibouti,1995,17
Djibouti,1997,18
Djibouti,2004,19
Djibouti,2014,20
Djibouti,2015,21
Djibouti,2017,22
Dominica,1981,2
Dominica,1997,3
Dominican Republic,1970,2
Dominican Republic,1971,5
Dominican Republic,1973,8
Dominican Republic,1974,10
Dominican Republic,1978,11
Dominican Republic,1979,13
Dominican Republic,1980,14
Dominican Republic,1982,16
Dominican Republic,1987,31
Dominican Republic,1988,33
Dominican Republic,1989,44
Dominican Republic,1990,46
Dominican Republic,1991,54
Dominican Republic,1992,65
Dominican Republic,1994,72
Dominican Republic,1996,75
Dominican Republic,1997,87
Dominican Republic,2013,88
Dominican Republic,2014,89
Dominican Republic,2017,90
East Germany (GDR),1970,12
East Germany (GDR),1971,16
East Germany (GDR),1974,17
East Germany (GDR),1977,18
East Germany (GDR),1978,19
East Germany (GDR),1982,20
East Germany (GDR),1983,21
East Germany (GDR),1984,22
East Germany (GDR),1985,26
East Germany (GDR),1986,29
East Germany (GDR),1987,30
East Germany (GDR),1988,34
East Germany (GDR),1989,35
East Germany (GDR),1990,38
East Timor,2000,4
East Timor,2003,6
East Timor,2005,7
East Timor,2007,9
East Timor,2008,10
Ecuador,1973,1
Ecuador,1974,4
Ecuador,1976,6
Ecuador,1977,13
Ecuador,1978,24
Ecuador,1979,26
Ecuador,1980,28
Ecuador,1981,30
Ecuador,1982,33
Ecuador,1983,43
Ecuador,1984,67
Ecuador,1985,79
Ecuador,1986,87
Ecuador,1987,93
Ecuador,1988,102
Ecuador,1989,116
Ecuador,1990,124
Ecuador,1991,141
Ecuador,1992,164
Ecuador,1994,170
Ecuador,1995,176
Ecuador,1996,181
Ecuador,1997,185
Ecuador,1998,188
Ecuador,1999,190
Ecuador,2000,194
Ecuador,2001,199
Ecuador,2002,201
Ecuador,2003,205
Ecuador,2004,207
Ecuador,2008,209
Ecuador,2009,210
Ecuador,2011,211
Ecuador,2012,212
Ecuador,2013,214
Ecuador,2015,215
Ecuador,2016,217
Ecuador,2017,220
Egypt,1970,1
Egypt,1971,2
Egypt,1972,3
Egypt,1977,4
Egypt,1978,6
Egypt,1979,7
Egypt,1980,12
Egypt,1981,21
Egypt,1982,22
Egypt,1985,24
Egypt,1986,28
Egypt,1987,35
Egypt,1988,44
Egypt,1989,51
Egypt,1990,64
Egypt,1991,74
Egypt,1992,153
Egypt,1994,296
Egypt,1995,398
Egypt,1996,449
Egypt,1997,471
Egypt,1998,474
Egypt,1999,475
Egypt,2004,478
Egypt,2005,480
Egypt,2006,485
Egypt,2008,486
Egypt,2009,488
Egypt,2010,490
Egypt,2011,508
Egypt,2012,557
Egypt,2013,878
Egypt,2014,1232
Egypt,2015,1879
Egypt,2016,2255
Egypt,2017,2479
El Salvador,1972,2
El Salvador,1973,3
El Salvador,1974,6
El Salvador,1975,9
El Salvador,1976,22
El Salvador,1977,28
El Salvador,1978,119
El Salvador,1979,445
El Salvador,1980,1155
El Salvador,1981,1819
El Salvador,1982,2356
El Salvador,1983,2727
El Salvador,1984,3000
El Salvador,1985,3436
El Salvador,1986,3611
El Salvador,1987,3845
El Salvador,1988,4212
El Salvador,1989,4568
El Salvador,1990,4752
El Salvador,1991,5252
El Salvador,1992,5281
El Salvador,1994,5302
El Salvador,1995,5311
El Salvador,1996,5318
El Salvador,1997,5320
Equatorial Guinea,1992,1
Equatorial Guinea,2009,2
Eritrea,1995,2
Eritrea,1996,3
Eritrea,2007,5
Eritrea,2008,7
Eritrea,2009,8
Eritrea,2010,9
Eritrea,2011,10
Estonia,1992,2
Estonia,1994,8
Estonia,1995,10
Estonia,1996,11
Estonia,1999,12
Estonia,2001,13
Estonia,2011,14
Estonia,2015,16
Ethiopia,1970,3
Ethiopia,1971,4
Ethiopia,1973,5
Ethiopia,1974,9
Ethiopia,1975,13
Ethiopia,1976,18
Ethiopia,1977,22
Ethiopia,1978,24
Ethiopia,1979,28
Ethiopia,1983,31
Ethiopia,1984,32
Ethiopia,1985,33
Ethiopia,1986,34
Ethiopia,1987,35
Ethiopia,1988,37
Ethiopia,1989,38
Ethiopia,1990,48
Ethiopia,1991,53
Ethiopia,1992,66
Ethiopia,1994,70
Ethiopia,1995,75
Ethiopia,1996,82
Ethiopia,1997,88
Ethiopia,1999,90
Ethiopia,2000,91
Ethiopia,2002,94
Ethiopia,2003,95
Ethiopia,2004,97
Ethiopia,2005,102
Ethiopia,2006,113
Ethiopia,2007,118
Ethiopia,2008,126
Ethiopia,2009,128
Ethiopia,2010,130
Ethiopia,2011,133
Ethiopia,2012,136
Ethiopia,2013,141
Ethiopia,2014,143
Ethiopia,2015,150
Ethiopia,2016,163
Ethiopia,2017,190
Falkland Islands,1983,1
Fiji,1987,3
Fiji,1989,5
Fiji,1991,8
Fiji,1992,9
Fiji,1999,12
Fiji,2000,16
Fiji,2001,17
Finland,1986,1
Finland,1992,2
Finland,1994,3
Finland,1995,4
Finland,2007,5
Finland,2008,6
Finland,2015,15
Finland,2016,18
Finland,2017,20
France,1972,11
France,1973,25
France,1974,54
France,1975,93
France,1976,151
France,1977,204
France,1978,263
France,1979,475
France,1980,569
France,1981,635
France,1982,697
France,1983,818
France,1984,963
France,1985,1069
France,1986,1164
France,1987,1251
France,1988,1305
France,1989,1330
France,1990,1360
France,1991,1497
France,1992,1623
France,1994,1720
France,1995,1791
France,1996,2061
France,1997,2191
France,1998,2203
France,1999,2249
France,2000,2277
France,2001,2298
France,2002,2330
France,2003,2364
France,2004,2375
France,2005,2408
France,2006,2442
France,2007,2458
France,2008,2471
France,2009,2480
France,2010,2483
France,2011,2491
France,2012,2557
France,2013,2575
France,2014,2589
France,2015,2626
France,2016,2652
France,2017,2693
French Guiana,1983,3
French Guiana,1996,5
French Guiana,1997,7
French Polynesia,1995,3
Gabon,1979,1
Gabon,1994,2
Gabon,1996,3
Gabon,1997,4
Gabon,2017,8
Gambia,1994,1
Gambia,1995,2
Gambia,2000,3
Georgia,1991,3
Georgia,1992,42
Georgia,1994,60
Georgia,1995,77
Georgia,1996,80
Georgia,1997,86
Georgia,1998,98
Georgia,1999,105
Georgia,2000,112
Georgia,2001,116
Georgia,2002,118
Georgia,2003,124
Georgia,2004,127
Georgia,2005,133
Georgia,2006,136
Georgia,2008,169
Georgia,2009,194
Georgia,2010,201
Georgia,2011,204
Georgia,2012,207
Georgia,2013,209
Georgia,2014,211
Georgia,2015,212
Georgia,2016,216
Georgia,2017,217
Germany,1990,1
Germany,1991,66
Germany,1992,222
Germany,1994,301
Germany,1995,448
Germany,1996,500
Germany,1997,512
Germany,1998,518
Germany,1999,531
Germany,2000,539
Germany,2001,547
Germany,2002,550
Germany,2003,552
Germany,2004,555
Germany,2005,558
Germany,2006,562
Germany,2007,565
Germany,2008,568
Germany,2009,572
Germany,2010,573
Germany,2011,581
Germany,2012,586
Germany,2014,599
Germany,2015,664
Germany,2016,708
Germany,2017,735
Ghana,1987,1
Ghana,1992,9
Ghana,1994,13
Ghana,1995,14
Ghana,1996,16
Ghana,1997,17
Ghana,2014,18
Ghana,2016,19
Greece,1970,3
Greece,1971,4
Greece,1972,6
Greece,1973,17
Greece,1974,23
Greece,1975,27
Greece,1976,48
Greece,1977,95
Greece,1978,134
Greece,1979,143
Greece,1980,158
Greece,1981,178
Greece,1982,197
Greece,1983,208
Greece,1984,236
Greece,1985,271
Greece,1986,312
Greece,1987,338
Greece,1988,376
Greece,1989,426
Greece,1990,481
Greece,1991,538
Greece,1992,573
Greece,1994,615
Greece,1995,623
Greece,1996,643
Greece,1997,664
Greece,1998,692
Greece,1999,727
Greece,2000,755
Greece,2001,769
Greece,2002,780
Greece,2003,792
Greece,2004,796
Greece,2005,802
Greece,2006,825
Greece,2007,840
Greece,2008,893
Greece,2009,1008
Greece,2010,1057
Greece,2011,1068
Greece,2012,1090
Greece,2013,1144
Greece,2014,1170
Greece,2015,1201
Greece,2016,1232
Greece,2017,1275
Grenada,1980,4
Grenada,1983,5
Guadeloupe,1980,9
Guadeloupe,1981,10
Guadeloupe,1983,27
Guadeloupe,1984,41
Guadeloupe,1985,50
Guadeloupe,1986,51
Guadeloupe,1988,55
Guadeloupe,1991,56
Guatemala,1970,4
Guatemala,1971,5
Guatemala,1974,6
Guatemala,1975,11
Guatemala,1976,24
Guatemala,1977,32
Guatemala,1978,61
Guatemala,1979,121
Guatemala,1980,402
Guatemala,1981,801
Guatemala,1982,1155
Guatemala,1983,1272
Guatemala,1984,1346
Guatemala,1985,1409
Guatemala,1986,1440
Guatemala,1987,1496
Guatemala,1988,1525
Guatemala,1989,1604
Guatemala,1990,1687
Guatemala,1991,1764
Guatemala,1992,1812
Guatemala,1994,1896
Guatemala,1995,1978
Guatemala,1996,2004
Guatemala,1997,2030
Guatemala,1999,2031
Guatemala,2000,2032
Guatemala,2001,2034
Guatemala,2003,2037
Guatemala,2004,2039
Guatemala,2006,2043
Guatemala,2012,2044
Guatemala,2013,2050
Guinea,1980,2
Guinea,1992,4
Guinea,1994,6
Guinea,1996,7
Guinea,2000,19
Guinea,2005,20
Guinea,2013,22
Guinea,2015,24
Guinea,2016,25
Guinea-Bissau,2001,1
Guinea-Bissau,2003,2
Guinea-Bissau,2005,6
Guinea-Bissau,2006,7
Guinea-Bissau,2009,8
Guinea-Bissau,2012,9
Guyana,1978,1
Guyana,1979,3
Guyana,1980,4
Guyana,1981,5
Guyana,1990,10
Guyana,1992,14
Guyana,1997,15
Guyana,1998,17
Guyana,2001,18
Guyana,2002,19
Guyana,2003,20
Guyana,2006,22
Guyana,2008,25
Guyana,2016,26
Haiti,1973,1
Haiti,1974,3
Haiti,1983,9
Haiti,1987,19
Haiti,1988,25
Haiti,1989,28
Haiti,1990,31
Haiti,1991,48
Haiti,1992,75
Haiti,1994,102
Haiti,1995,136
Haiti,1996,163
Haiti,1997,179
Haiti,1998,180
Haiti,1999,185
Haiti,2000,194
Haiti,2001,199
Haiti,2002,201
Haiti,2003,206
Haiti,2004,208
Haiti,2005,209
Haiti,2006,210
Haiti,2007,212
Haiti,2016,213
Honduras,1973,1
Honduras,1979,7
Honduras,1980,23
Honduras,1981,40
Honduras,1982,74
Honduras,1983,103
Honduras,1984,115
Honduras,1985,124
Honduras,1986,132
Honduras,1987,152
Honduras,1988,173
Honduras,1989,202
Honduras,1990,215
Honduras,1991,236
Honduras,1992,248
Honduras,1994,254
Honduras,1995,266
Honduras,1996,285
Honduras,1997,307
Honduras,2002,308
Honduras,2004,309
Honduras,2009,317
Honduras,2011,318
Honduras,2013,320
Honduras,2014,321
Honduras,2016,322
Honduras,2017,323
Hong Kong,1980,1
Hong Kong,1981,4
Hong Kong,1989,5
Hong Kong,1990,6
Hong Kong,1991,7
Hong Kong,1992,13
Hong Kong,1994,17
Hong Kong,1995,18
Hong Kong,1996,21
Hong Kong,2000,23
Hong Kong,2001,24
Hong Kong,2005,25
Hong Kong,2008,26
Hungary,1989,1
Hungary,1991,4
Hungary,1992,5
Hungary,1994,7
Hungary,1996,20
Hungary,1997,37
Hungary,1998,39
Hungary,2001,40
Hungary,2008,42
Hungary,2009,43
Hungary,2014,44
Hungary,2015,45
Hungary,2016,46
Iceland,1983,1
Iceland,1986,2
Iceland,2012,3
Iceland,2014,4
India,1972,1
India,1975,2
India,1976,3
India,1977,4
India,1979,24
India,1980,34
India,1981,50
India,1982,63
India,1983,110
India,1984,269
India,1985,308
India,1986,404
India,1987,570
India,1988,928
India,1989,1252
India,1990,1601
India,1991,1940
India,1992,2177
India,1994,2284
India,1995,2463
India,1996,2676
India,1997,2869
India,1998,2930
India,1999,3042
India,2000,3222
India,2001,3456
India,2002,3640
India,2003,3836
India,2004,3944
India,2005,4090
India,2006,4257
India,2007,4406
India,2008,4940
India,2009,5612
India,2010,6275
India,2011,6920
India,2012,7531
India,2013,8225
India,2014,9085
India,2015,9969
India,2016,10994
India,2017,11960
Indonesia,1977,1
Indonesia,1978,3
Indonesia,1981,4
Indonesia,1984,6
Indonesia,1985,8
Indonesia,1986,12
Indonesia,1989,14
Indonesia,1990,17
Indonesia,1991,24
Indonesia,1992,28
Indonesia,1994,33
Indonesia,1995,57
Indonesia,1996,122
Indonesia,1997,149
Indonesia,1998,152
Indonesia,1999,212
Indonesia,2000,313
Indonesia,2001,418
Indonesia,2002,461
Indonesia,2003,479
Indonesia,2004,496
Indonesia,2005,511
Indonesia,2006,521
Indonesia,2007,523
Indonesia,2008,536
Indonesia,2009,555
Indonesia,2010,559
Indonesia,2011,580
Indonesia,2012,619
Indonesia,2013,651
Indonesia,2014,686
Indonesia,2015,715
Indonesia,2016,734
Indonesia,2017,761
International,2002,1
Iran,1970,5
Iran,1971,16
Iran,1972,31
Iran,1973,35
Iran,1974,46
Iran,1975,59
Iran,1976,63
Iran,1977,68
Iran,1978,95
Iran,1979,177
Iran,1980,244
Iran,1981,352
Iran,1982,378
Iran,1983,388
Iran,1984,405
Iran,1985,408
Iran,1986,414
Iran,1987,415
Iran,1988,421
Iran,1989,427
Iran,1990,438
Iran,1991,447
Iran,1992,463
Iran,1994,506
Iran,1995,514
Iran,1996,517
Iran,1998,522
Iran,1999,530
Iran,2000,545
Iran,2001,549
Iran,2003,551
Iran,2005,556
Iran,2006,570
Iran,2007,579
Iran,2008,587
Iran,2009,602
Iran,2010,616
Iran,2011,629
Iran,2012,634
Iran,2013,645
Iran,2014,654
Iran,2015,663
Iran,2016,673
Iran,2017,684
Iraq,1975,1
Iraq,1976,4
Iraq,1979,6
Iraq,1980,12
Iraq,1981,15
Iraq,1982,20
Iraq,1983,23
Iraq,1984,25
Iraq,1987,28
Iraq,1988,32
Iraq,1989,36
Iraq,1991,39
Iraq,1992,74
Iraq,1994,92
Iraq,1995,109
Iraq,1996,121
Iraq,1997,142
Iraq,1998,149
Iraq,1999,161
Iraq,2000,171
Iraq,2001,174
Iraq,2002,180
Iraq,2003,282
Iraq,2004,605
Iraq,2005,1222
Iraq,2006,2060
Iraq,2007,3107
Iraq,2008,4213
Iraq,2009,5350
Iraq,2010,6529
Iraq,2011,7837
Iraq,2012,9274
Iraq,2013,12126
Iraq,2014,16059
Iraq,2015,18810
Iraq,2016,22170
Iraq,2017,24636
Ireland,1970,1
Ireland,1971,2
Ireland,1972,7
Ireland,1973,10
Ireland,1974,13
Ireland,1975,20
Ireland,1976,25
Ireland,1977,28
Ireland,1978,31
Ireland,1979,39
Ireland,1980,46
Ireland,1981,51
Ireland,1982,55
Ireland,1983,59
Ireland,1984,60
Ireland,1985,62
Ireland,1986,64
Ireland,1987,88
Ireland,1989,91
Ireland,1990,93
Ireland,1991,109
Ireland,1992,116
Ireland,1994,126
Ireland,1995,129
Ireland,1996,130
Ireland,1997,134
Ireland,1998,137
Ireland,1999,140
Ireland,2001,142
Ireland,2003,143
Ireland,2006,144
Ireland,2007,145
Ireland,2008,150
Ireland,2010,154
Ireland,2011,158
Ireland,2012,187
Ireland,2013,214
Ireland,2014,247
Ireland,2015,275
Ireland,2016,290
Ireland,2017,307
Israel,1971,1
Israel,1972,16
Israel,1973,17
Israel,1974,29
Israel,1975,31
Israel,1976,33
Israel,1977,39
Israel,1978,62
Israel,1979,192
Israel,1980,271
Israel,1981,307
Israel,1982,378
Israel,1983,409
Israel,1984,434
Israel,1985,455
Israel,1986,503
Israel,1987,526
Israel,1988,561
Israel,1989,648
Israel,1990,746
Israel,1991,810
Israel,1992,888
Israel,1994,943
Israel,1995,956
Israel,1996,975
Israel,1997,988
Israel,1998,1002
Israel,1999,1010
Israel,2000,1025
Israel,2001,1104
Israel,2002,1179
Israel,2003,1217
Israel,2004,1236
Israel,2005,1279
Israel,2006,1360
Israel,2007,1413
Israel,2008,1547
Israel,2009,1583
Israel,2010,1597
Israel,2011,1648
Israel,2012,1713
Israel,2013,1750
Israel,2014,2043
Israel,2015,2101
Israel,2016,2151
Israel,2017,2183
Italy,1970,3
Italy,1971,6
Italy,1972,10
Italy,1973,25
Italy,1974,47
Italy,1975,54
Italy,1976,227
Italy,1977,535
Italy,1978,812
Italy,1979,1021
Italy,1980,1131
Italy,1981,1200
Italy,1982,1223
Italy,1983,1230
Italy,1984,1244
Italy,1985,1255
Italy,1986,1262
Italy,1987,1276
Italy,1988,1305
Italy,1989,1320
Italy,1990,1326
Italy,1991,1357
Italy,1992,1394
Italy,1994,1412
Italy,1995,1413
Italy,1996,1421
Italy,1997,1429
Italy,1998,1435
Italy,1999,1442
Italy,2000,1450
Italy,2001,1461
Italy,2002,1468
Italy,2003,1483
Italy,2004,1486
Italy,2005,1492
Italy,2006,1496
Italy,2008,1498
Italy,2009,1502
Italy,2010,1512
Italy,2011,1517
Italy,2012,1527
Italy,2013,1534
Italy,2014,1541
Italy,2015,1546
Italy,2016,1557
Italy,2017,1565
Ivory Coast,1992,3
Ivory Coast,1994,5
Ivory Coast,1995,12
Ivory Coast,1996,14
Ivory Coast,1997,15
Ivory Coast,2000,17
Ivory Coast,2001,18
Ivory Coast,2002,19
Ivory Coast,2004,20
Ivory Coast,2005,21
Ivory Coast,2006,24
Ivory Coast,2007,25
Ivory Coast,2010,32
Ivory Coast,2011,35
Ivory Coast,2012,51
Ivory Coast,2013,55
Ivory Coast,2014,56
Ivory Coast,2015,60
Ivory Coast,2016,61
Ivory Coast,2017,74
Jamaica,1974,2
Jamaica,1976,3
Jamaica,1979,5
Jamaica,1980,11
Jamaica,1981,12
Jamaica,1986,13
Jamaica,1991,14
Jamaica,1992,20
Jamaica,1994,22
Jamaica,1995,23
Jamaica,1996,24
Jamaica,1997,32
Jamaica,2007,33
Jamaica,2014,34
Jamaica,2017,36
Japan,1970,2
Japan,1973,4
Japan,1974,7
Japan,1975,19
Japan,1976,20
Japan,1977,24
Japan,1978,59
Japan,1979,75
Japan,1981,76
Japan,1982,78
Japan,1983,90
Japan,1984,105
Japan,1985,115
Japan,1986,125
Japan,1987,135
Japan,1988,151
Japan,1989,164
Japan,1990,257
Japan,1991,276
Japan,1992,316
Japan,1994,325
Japan,1995,345
Japan,1996,353
Japan,1997,358
Japan,1998,359
Japan,1999,361
Japan,2000,374
Japan,2001,377
Japan,2002,379
Japan,2003,381
Japan,2008,384
Japan,2009,385
Japan,2013,386
Japan,2014,391
Japan,2015,401
Japan,2016,402
Jordan,1970,9
Jordan,1971,14
Jordan,1972,21
Jordan,1973,22
Jordan,1976,23
Jordan,1980,24
Jordan,1981,26
Jordan,1982,27
Jordan,1983,34
Jordan,1984,39
Jordan,1988,40
Jordan,1990,43
Jordan,1991,54
Jordan,1992,56
Jordan,1994,62
Jordan,1995,65
Jordan,1996,67
Jordan,1997,70
Jordan,1998,71
Jordan,1999,73
Jordan,2000,75
Jordan,2001,77
Jordan,2002,79
Jordan,2005,83
Jordan,2006,84
Jordan,2010,86
Jordan,2012,88
Jordan,2013,89
Jordan,2014,92
Jordan,2015,96
Jordan,2016,105
Jordan,2017,113
Kazakhstan,1992,5
Kazakhstan,1994,6
Kazakhstan,1997,8
Kazakhstan,2000,9
Kazakhstan,2001,10
Kazakhstan,2008,11
Kazakhstan,2011,16
Kazakhstan,2012,20
Kazakhstan,2013,24
Kazakhstan,2016,27
Kenya,1975,4
Kenya,1976,6
Kenya,1978,7
Kenya,1980,8
Kenya,1989,12
Kenya,1991,17
Kenya,1992,47
Kenya,1994,52
Kenya,1995,56
Kenya,1996,59
Kenya,1997,76
Kenya,1998,78
Kenya,2000,82
Kenya,2001,89
Kenya,2002,91
Kenya,2003,93
Kenya,2005,95
Kenya,2006,97
Kenya,2007,109
Kenya,2008,120
Kenya,2009,121
Kenya,2010,133
Kenya,2011,175
Kenya,2012,255
Kenya,2013,335
Kenya,2014,450
Kenya,2015,521
Kenya,2016,586
Kenya,2017,683
Kosovo,1999,39
Kosovo,2000,99
Kosovo,2001,116
Kosovo,2002,121
Kosovo,2003,130
Kosovo,2004,131
Kosovo,2005,139
Kosovo,2006,145
Kosovo,2007,150
Kosovo,2008,161
Kosovo,2009,162
Kosovo,2010,163
Kosovo,2011,164
Kosovo,2012,168
Kosovo,2013,174
Kosovo,2014,178
Kosovo,2015,180
Kosovo,2016,188
Kosovo,2017,196
Kuwait,1972,1
Kuwait,1974,2
Kuwait,1975,3
Kuwait,1976,4
Kuwait,1978,5
Kuwait,1980,9
Kuwait,1981,12
Kuwait,1982,13
Kuwait,1983,20
Kuwait,1984,21
Kuwait,1985,23
Kuwait,1986,24
Kuwait,1987,36
Kuwait,1988,40
Kuwait,1991,45
Kuwait,1992,60
Kuwait,1994,62
Kuwait,1997,64
Kuwait,2001,66
Kuwait,2002,67
Kuwait,2003,70
Kuwait,2005,72
Kuwait,2011,73
Kuwait,2015,74
Kuwait,2016,76
Kyrgyzstan,1996,5
Kyrgyzstan,1999,8
Kyrgyzstan,2000,12
Kyrgyzstan,2001,13
Kyrgyzstan,2002,15
Kyrgyzstan,2003,16
Kyrgyzstan,2005,18
Kyrgyzstan,2006,21
Kyrgyzstan,2007,22
Kyrgyzstan,2010,23
Kyrgyzstan,2011,24
Kyrgyzstan,2014,26
Kyrgyzstan,2015,29
Kyrgyzstan,2016,33
Kyrgyzstan,2017,35
Laos,1989,1
Laos,1990,2
Laos,1992,6
Laos,1994,7
Laos,1996,8
Laos,2000,16
Laos,2001,17
Laos,2003,19
Laos,2012,20
Laos,2015,22
Laos,2016,26
Laos,2017,27
Latvia,1992,2
Latvia,1994,4
Latvia,1995,5
Latvia,1997,7
Latvia,1998,11
Latvia,1999,12
Latvia,2000,15
Latvia,2007,16
Latvia,2017,17
Lebanon,1970,1
Lebanon,1971,2
Lebanon,1972,5
Lebanon,1973,16
Lebanon,1974,27
Lebanon,1975,42
Lebanon,1976,46
Lebanon,1977,50
Lebanon,1978,62
Lebanon,1979,100
Lebanon,1980,186
Lebanon,1981,267
Lebanon,1982,387
Lebanon,1983,621
Lebanon,1984,787
Lebanon,1985,882
Lebanon,1986,988
Lebanon,1987,1082
Lebanon,1988,1207
Lebanon,1989,1348
Lebanon,1990,1432
Lebanon,1991,1523
Lebanon,1992,1614
Lebanon,1994,1681
Lebanon,1995,1719
Lebanon,1996,1758
Lebanon,1997,1804
Lebanon,1998,1827
Lebanon,1999,1869
Lebanon,2000,1881
Lebanon,2001,1886
Lebanon,2002,1894
Lebanon,2003,1899
Lebanon,2004,1900
Lebanon,2005,1917
Lebanon,2006,1925
Lebanon,2007,1943
Lebanon,2008,2001
Lebanon,2009,2015
Lebanon,2010,2020
Lebanon,2011,2030
Lebanon,2012,2045
Lebanon,2013,2166
Lebanon,2014,2370
Lebanon,2015,2414
Lebanon,2016,2455
Lebanon,2017,2478
Lesotho,1979,2
Lesotho,1981,7
Lesotho,1982,9
Lesotho,1983,21
Lesotho,1984,22
Lesotho,1988,23
Lesotho,1994,26
Lesotho,2006,27
Lesotho,2009,28
Lesotho,2015,29
Liberia,1990,4
Liberia,1991,5
Liberia,1992,15
Liberia,1994,18
Liberia,1996,19
Liberia,1999,21
Liberia,2000,22
Liberia,2001,25
Liberia,2002,28
Liberia,2003,30
Liberia,2008,31
Liberia,2012,32
Liberia,2014,33
Liberia,2017,34
Libya,1979,3
Libya,1980,5
Libya,1984,8
Libya,1992,9
Libya,1995,10
Libya,1996,14
Libya,2007,15
Libya,2008,16
Libya,2011,18
Libya,2012,75
Libya,2013,366
Libya,2014,1094
Libya,2015,1637
Libya,2016,2059
Libya,2017,2249
Lithuania,1991,1
Lithuania,1992,2
Lithuania,1995,4
Lithuania,1996,7
Lithuania,1997,8
Luxembourg,1983,2
Luxembourg,1985,12
Luxembourg,1986,13
Luxembourg,1994,16
Macau,1995,1
Macau,1996,11
Macau,1997,27
Macau,1998,33
Macedonia,1994,1
Macedonia,1995,2
Macedonia,1997,4
Macedonia,1998,9
Macedonia,1999,12
Macedonia,2000,15
Macedonia,2001,82
Macedonia,2002,90
Macedonia,2003,95
Macedonia,2006,98
Macedonia,2007,99
Macedonia,2008,108
Macedonia,2009,109
Macedonia,2012,110
Macedonia,2014,113
Macedonia,2015,117
Macedonia,2017,118
Madagascar,1991,1
Madagascar,1992,8
Madagascar,1995,11
Madagascar,1996,13
Madagascar,1997,14
Madagascar,2002,19
Madagascar,2006,20
Madagascar,2009,21
Madagascar,2011,22
Madagascar,2012,23
Madagascar,2013,25
Madagascar,2014,26
Madagascar,2016,27
Malawi,1992,3
Malawi,2002,4
Malawi,2017,5
Malaysia,1973,1
Malaysia,1975,4
Malaysia,1977,6
Malaysia,1979,7
Malaysia,1983,8
Malaysia,1986,23
Malaysia,1988,27
Malaysia,1989,29
Malaysia,1990,32
Malaysia,1991,35
Malaysia,1992,37
Malaysia,2000,40
Malaysia,2001,41
Malaysia,2008,43
Malaysia,2009,44
Malaysia,2012,46
Malaysia,2013,59
Malaysia,2014,71
Malaysia,2015,76
Malaysia,2016,95
Malaysia,2017,99
Maldives,1988,1
Maldives,2006,2
Maldives,2007,3
Maldives,2008,4
Maldives,2012,5
Maldives,2013,8
Maldives,2014,17
Maldives,2015,19
Maldives,2016,20
Maldives,2017,22
Mali,1990,1
Mali,1991,13
Mali,1992,16
Mali,1994,29
Mali,1995,30
Mali,1997,33
Mali,2005,34
Mali,2007,39
Mali,2008,48
Mali,2009,54
Mali,2010,55
Mali,2011,59
Mali,2012,78
Mali,2013,136
Mali,2014,205
Mali,2015,326
Mali,2016,425
Mali,2017,566
Malta,1977,1
Malta,1984,8
Malta,1985,9
Malta,1986,10
Malta,1987,14
Malta,1992,15
Malta,1995,17
Malta,1997,18
Malta,2014,19
Malta,2015,20
Malta,2017,23
Martinique,1981,1
Martinique,1983,6
Martinique,1984,8
Martinique,1987,9
Martinique,1988,10
Martinique,1991,11
Martinique,1992,12
Mauritania,1977,4
Mauritania,1996,5
Mauritania,2004,6
Mauritania,2005,7
Mauritania,2008,9
Mauritania,2009,14
Mauritania,2010,15
Mauritania,2011,18
Mauritius,1988,1
Mauritius,1989,2
Mexico,1970,2
Mexico,1972,3
Mexico,1973,9
Mexico,1974,25
Mexico,1975,35
Mexico,1976,55
Mexico,1977,74
Mexico,1978,104
Mexico,1979,114
Mexico,1980,119
Mexico,1981,122
Mexico,1982,125
Mexico,1983,127
Mexico,1984,131
Mexico,1985,132
Mexico,1986,134
Mexico,1987,135
Mexico,1988,138
Mexico,1989,139
Mexico,1990,144
Mexico,1991,154
Mexico,1992,160
Mexico,1994,202
Mexico,1995,231
Mexico,1996,306
Mexico,1997,401
Mexico,1998,403
Mexico,1999,404
Mexico,2000,408
Mexico,2001,415
Mexico,2003,416
Mexico,2004,417
Mexico,2005,418
Mexico,2006,425
Mexico,2007,435
Mexico,2008,443
Mexico,2009,444
Mexico,2010,449
Mexico,2011,451
Mexico,2012,467
Mexico,2013,475
Mexico,2014,480
Mexico,2015,499
Mexico,2016,504
Mexico,2017,524
Moldova,1991,1
Moldova,1992,12
Moldova,1994,13
Moldova,1996,15
Moldova,1997,16
Moldova,2000,17
Moldova,2006,18
Moldova,2009,19
Moldova,2012,20
Moldova,2016,21
Montenegro,2001,1
Montenegro,2007,2
Montenegro,2013,4
Montenegro,2015,5
Morocco,1973,2
Morocco,1976,3
Morocco,1978,4
Morocco,1979,6
Morocco,1985,8
Morocco,1986,10
Morocco,1987,14
Morocco,1991,17
Morocco,1992,18
Morocco,1994,20
Morocco,1995,21
Morocco,1996,23
Morocco,2003,28
Morocco,2007,34
Morocco,2011,35
Morocco,2015,36
Mozambique,1978,2
Mozambique,1979,7
Mozambique,1981,10
Mozambique,1982,19
Mozambique,1983,23
Mozambique,1984,33
Mozambique,1985,38
Mozambique,1986,45
Mozambique,1987,56
Mozambique,1988,72
Mozambique,1989,136
Mozambique,1990,159
Mozambique,1991,194
Mozambique,1992,213
Mozambique,1994,216
Mozambique,1995,219
Mozambique,1999,220
Mozambique,2000,223
Mozambique,2007,224
Mozambique,2012,225
Mozambique,2013,243
Mozambique,2014,265
Mozambique,2015,273
Mozambique,2016,352
Mozambique,2017,363
Myanmar,1973,1
Myanmar,1976,3
Myanmar,1979,22
Myanmar,1980,23
Myanmar,1982,25
Myanmar,1983,29
Myanmar,1987,30
Myanmar,1988,53
Myanmar,1989,77
Myanmar,1990,86
Myanmar,1991,108
Myanmar,1992,120
Myanmar,1994,128
Myanmar,1995,140
Myanmar,1996,153
Myanmar,1997,188
Myanmar,1999,192
Myanmar,2001,195
Myanmar,2002,199
Myanmar,2003,208
Myanmar,2004,210
Myanmar,2005,218
Myanmar,2006,220
Myanmar,2007,223
Myanmar,2008,243
Myanmar,2009,257
Myanmar,2010,268
Myanmar,2011,270
Myanmar,2012,287
Myanmar,2013,305
Myanmar,2014,320
Myanmar,2015,357
Myanmar,2016,431
Myanmar,2017,546
Namibia,1975,1
Namibia,1976,3
Namibia,1978,11
Namibia,1979,42
Namibia,1980,44
Namibia,1982,46
Namibia,1983,51
Namibia,1984,75
Namibia,1985,83
Namibia,1986,84
Namibia,1987,91
Namibia,1988,108
Namibia,1989,119
Namibia,1990,121
Namibia,1991,122
Namibia,1994,123
Namibia,1999,124
Namibia,2000,145
Namibia,2001,151
Nepal,1985,9
Nepal,1991,10
Nepal,1992,18
Nepal,1994,21
Nepal,1996,26
Nepal,1997,35
Nepal,1999,43
Nepal,2000,66
Nepal,2001,99
Nepal,2002,157
Nepal,2003,172
Nepal,2004,234
Nepal,2005,304
Nepal,2006,387
Nepal,2007,477
Nepal,2008,597
Nepal,2009,636
Nepal,2010,674
Nepal,2011,720
Nepal,2012,766
Nepal,2013,870
Nepal,2014,877
Nepal,2015,925
Nepal,2016,968
Nepal,2017,1215
Netherlands,1970,3
Netherlands,1971,4
Netherlands,1972,5
Netherlands,1973,6
Netherlands,1974,8
Netherlands,1975,12
Netherlands,1976,15
Netherlands,1977,21
Netherlands,1978,24
Netherlands,1979,27
Netherlands,1980,28
Netherlands,1981,29
Netherlands,1982,31
Netherlands,1983,33
Netherlands,1984,34
Netherlands,1985,38
Netherlands,1986,52
Netherlands,1987,53
Netherlands,1988,57
Netherlands,1989,62
Netherlands,1990,68
Netherlands,1991,76
Netherlands,1992,88
Netherlands,1994,91
Netherlands,1995,98
Netherlands,1996,104
Netherlands,1997,105
Netherlands,1999,106
Netherlands,2000,107
Netherlands,2001,108
Netherlands,2002,110
Netherlands,2003,113
Netherlands,2004,114
Netherlands,2008,115
Netherlands,2009,116
Netherlands,2010,117
Netherlands,2011,119
Netherlands,2014,120
Netherlands,2015,123
Netherlands,2016,129
Netherlands,2017,130
New Caledonia,1984,10
New Caledonia,1985,17
New Caledonia,1986,19
New Caledonia,1988,28
New Caledonia,1989,29
New Caledonia,1992,31
New Hebrides,1980,1
New Zealand,1973,1
New Zealand,1981,3
New Zealand,1984,4
New Zealand,1991,5
New Zealand,1994,6
New Zealand,1996,8
New Zealand,1997,9
New Zealand,2001,10
New Zealand,2003,13
New Zealand,2008,18
New Zealand,2014,19
New Zealand,2016,20
Nicaragua,1970,1
Nicaragua,1974,2
Nicaragua,1975,3
Nicaragua,1977,8
Nicaragua,1978,84
Nicaragua,1979,290
Nicaragua,1980,325
Nicaragua,1981,372
Nicaragua,1982,435
Nicaragua,1983,734
Nicaragua,1984,1036
Nicaragua,1985,1294
Nicaragua,1986,1465
Nicaragua,1987,1688
Nicaragua,1988,1750
Nicaragua,1989,1771
Nicaragua,1990,1786
Nicaragua,1991,1866
Nicaragua,1992,1896
Nicaragua,1994,1915
Nicaragua,1995,1933
Nicaragua,1996,1959
Nicaragua,1997,1966
Nicaragua,1999,1967
Nicaragua,2000,1968
Nicaragua,2014,1970
Niger,1985,1
Niger,1989,2
Niger,1991,8
Niger,1992,24
Niger,1994,32
Niger,1995,34
Niger,1996,35
Niger,1997,38
Niger,1999,40
Niger,2007,47
Niger,2008,56
Niger,2009,60
Niger,2010,63
Niger,2011,65
Niger,2012,66
Niger,2013,70
Niger,2014,75
Niger,2015,116
Niger,2016,141
Niger,2017,154
Nigeria,1976,1
Nigeria,1980,2
Nigeria,1983,5
Nigeria,1988,7
Nigeria,1991,10
Nigeria,1992,21
Nigeria,1994,29
Nigeria,1995,30
Nigeria,1996,41
Nigeria,1997,61
Nigeria,1998,63
Nigeria,1999,81
Nigeria,2000,87
Nigeria,2001,92
Nigeria,2002,98
Nigeria,2003,107
Nigeria,2004,113
Nigeria,2005,122
Nigeria,2006,159
Nigeria,2007,220
Nigeria,2008,296
Nigeria,2009,338
Nigeria,2010,401
Nigeria,2011,576
Nigeria,2012,1192
Nigeria,2013,1538
Nigeria,2014,2252
Nigeria,2015,2890
Nigeria,2016,3423
Nigeria,2017,3907
North Korea,1994,1
North Yemen,1974,1
North Yemen,1977,2
North Yemen,1978,4
North Yemen,1981,5
North Yemen,1988,6
Norway,1979,1
Norway,1981,2
Norway,1987,4
Norway,1991,6
Norway,1992,8
Norway,1994,10
Norway,1996,11
Norway,2001,12
Norway,2003,13
Norway,2006,14
Norway,2010,15
Norway,2011,18
Norway,2017,19
Pakistan,1970,1
Pakistan,1974,3
Pakistan,1975,5
Pakistan,1976,8
Pakistan,1978,10
Pakistan,1979,17
Pakistan,1980,18
Pakistan,1981,22
Pakistan,1982,26
Pakistan,1983,35
Pakistan,1984,38
Pakistan,1985,40
Pakistan,1986,64
Pakistan,1987,124
Pakistan,1988,168
Pakistan,1989,213
Pakistan,1990,300
Pakistan,1991,450
Pakistan,1992,535
Pakistan,1994,689
Pakistan,1995,1355
Pakistan,1996,1535
Pakistan,1997,1741
Pakistan,1998,1778
Pakistan,1999,1817
Pakistan,2000,1866
Pakistan,2001,1919
Pakistan,2002,1965
Pakistan,2003,1994
Pakistan,2004,2061
Pakistan,2005,2138
Pakistan,2006,2302
Pakistan,2007,2562
Pakistan,2008,3130
Pakistan,2009,3797
Pakistan,2010,4510
Pakistan,2011,5522
Pakistan,2012,7176
Pakistan,2013,9391
Pakistan,2014,11542
Pakistan,2015,12785
Pakistan,2016,13649
Pakistan,2017,14368
Panama,1972,1
Panama,1976,3
Panama,1979,7
Panama,1980,11
Panama,1981,15
Panama,1983,24
Panama,1984,26
Panama,1986,31
Panama,1987,35
Panama,1988,36
Panama,1989,38
Panama,1990,53
Panama,1991,69
Panama,1992,106
Panama,1994,109
Panama,1995,115
Panama,1996,117
Panama,1997,123
Panama,1999,124
Panama,2000,125
Panama,2009,126
Panama,2016,127
Papua New Guinea,1989,24
Papua New Guinea,1990,42
Papua New Guinea,1991,44
Papua New Guinea,1992,54
Papua New Guinea,1994,57
Papua New Guinea,1995,67
Papua New Guinea,1996,77
Papua New Guinea,1997,79
Papua New Guinea,2002,80
Papua New Guinea,2007,81
Papua New Guinea,2017,89
Paraguay,1970,1
Paraguay,1976,2
Paraguay,1980,4
Paraguay,1984,6
Paraguay,1985,7
Paraguay,1987,8
Paraguay,1992,12
Paraguay,1994,14
Paraguay,1995,26
Paraguay,1997,32
Paraguay,1999,33
Paraguay,2000,35
Paraguay,2010,37
Paraguay,2011,41
Paraguay,2012,45
Paraguay,2013,55
Paraguay,2014,70
Paraguay,2015,89
Paraguay,2016,104
Paraguay,2017,114
People's Republic of the Congo,1972,1
People's Republic of the Congo,1977,3
People's Republic of the Congo,1982,4
Peru,1973,3
Peru,1974,6
Peru,1975,8
Peru,1977,12
Peru,1978,16
Peru,1979,19
Peru,1980,83
Peru,1981,232
Peru,1982,582
Peru,1983,1118
Peru,1984,1710
Peru,1985,2062
Peru,1986,2630
Peru,1987,3257
Peru,1988,3612
Peru,1989,4242
Peru,1990,4737
Peru,1991,5395
Peru,1992,5778
Peru,1994,5869
Peru,1995,5913
Peru,1996,5955
Peru,1997,6013
Peru,1998,6018
Peru,1999,6023
Peru,2000,6026
Peru,2001,6029
Peru,2002,6031
Peru,2003,6032
Peru,2004,6035
Peru,2005,6037
Peru,2006,6038
Peru,2007,6042
Peru,2008,6043
Peru,2009,6047
Peru,2012,6053
Peru,2013,6063
Peru,2014,6075
Peru,2015,6085
Peru,2016,6088
Peru,2017,6096
Philippines,1970,10
Philippines,1971,14
Philippines,1972,21
Philippines,1974,22
Philippines,1975,26
Philippines,1976,36
Philippines,1977,38
Philippines,1978,74
Philippines,1979,124
Philippines,1980,184
Philippines,1981,215
Philippines,1982,253
Philippines,1983,269
Philippines,1984,312
Philippines,1985,436
Philippines,1986,516
Philippines,1987,676
Philippines,1988,886
Philippines,1989,1042
Philippines,1990,1362
Philippines,1991,1524
Philippines,1992,1686
Philippines,1994,1758
Philippines,1995,1821
Philippines,1996,1882
Philippines,1997,1939
Philippines,1998,1957
Philippines,1999,1988
Philippines,2000,2120
Philippines,2001,2170
Philippines,2002,2218
Philippines,2003,2325
Philippines,2004,2357
Philippines,2005,2382
Philippines,2006,2440
Philippines,2007,2505
Philippines,2008,2781
Philippines,2009,3010
Philippines,2010,3215
Philippines,2011,3366
Philippines,2012,3615
Philippines,2013,4266
Philippines,2014,4863
Philippines,2015,5584
Philippines,2016,6216
Philippines,2017,6908
Poland,1971,1
Poland,1979,2
Poland,1981,3
Poland,1990,10
Poland,1992,15
Poland,1994,19
Poland,1995,23
Poland,1996,29
Poland,1997,32
Poland,1998,34
Poland,2001,35
Poland,2010,36
Poland,2016,38
Poland,2017,39
Portugal,1972,1
Portugal,1973,2
Portugal,1975,6
Portugal,1976,21
Portugal,1977,36
Portugal,1978,40
Portugal,1979,55
Portugal,1980,63
Portugal,1981,73
Portugal,1982,76
Portugal,1983,85
Portugal,1984,99
Portugal,1985,119
Portugal,1986,130
Portugal,1988,132
Portugal,1989,133
Portugal,1992,134
Portugal,1994,135
Portugal,1995,138
Portugal,2011,140
Qatar,1982,1
Qatar,1989,2
Qatar,1996,3
Qatar,2000,4
Qatar,2001,5
Qatar,2005,6
Qatar,2015,7
Republic of the Congo,1990,1
Republic of the Congo,1994,9
Republic of the Congo,1996,10
Republic of the Congo,1997,12
Republic of the Congo,1999,15
Republic of the Congo,2001,16
Republic of the Congo,2002,19
Republic of the Congo,2003,20
Republic of the Congo,2013,21
Republic of the Congo,2016,36
Rhodesia,1978,19
Rhodesia,1979,70
Rhodesia,1980,83
Romania,1984,1
Romania,1985,2
Romania,1991,3
Romania,1992,4
Romania,1995,5
Romania,2008,6
Russia,1992,21
Russia,1994,68
Russia,1995,105
Russia,1996,171
Russia,1997,248
Russia,1998,274
Russia,1999,328
Russia,2000,466
Russia,2001,601
Russia,2002,690
Russia,2003,766
Russia,2004,810
Russia,2005,874
Russia,2006,930
Russia,2007,981
Russia,2008,1151
Russia,2009,1303
Russia,2010,1554
Russia,2011,1742
Russia,2012,1893
Russia,2013,2037
Russia,2014,2085
Russia,2015,2106
Russia,2016,2161
Russia,2017,2194
Rwanda,1991,3
Rwanda,1992,21
Rwanda,1994,54
Rwanda,1995,71
Rwanda,1996,86
Rwanda,1997,119
Rwanda,1998,128
Rwanda,2000,129
Rwanda,2001,131
Rwanda,2005,132
Rwanda,2008,133
Rwanda,2009,134
Rwanda,2010,142
Rwanda,2011,144
Rwanda,2012,150
Rwanda,2013,154
Rwanda,2014,156
Rwanda,2016,157
Rwanda,2017,159
Saudi Arabia,1977,1
Saudi Arabia,1979,2
Saudi Arabia,1984,4
Saudi Arabia,1985,6
Saudi Arabia,1986,7
Saudi Arabia,1988,8
Saudi Arabia,1989,11
Saudi Arabia,1991,13
Saudi Arabia,1994,15
Saudi Arabia,1995,18
Saudi Arabia,1996,19
Saudi Arabia,2000,24
Saudi Arabia,2001,27
Saudi Arabia,2002,29
Saudi Arabia,2003,37
Saudi Arabia,2004,54
Saudi Arabia,2005,55
Saudi Arabia,2006,58
Saudi Arabia,2007,59
Saudi Arabia,2009,62
Saudi Arabia,2011,64
Saudi Arabia,2012,70
Saudi Arabia,2013,76
Saudi Arabia,2014,90
Saudi Arabia,2015,193
Saudi Arabia,2016,317
Saudi Arabia,2017,371
Senegal,1980,1
Senegal,1988,4
Senegal,1990,15
Senegal,1991,19
Senegal,1992,34
Senegal,1994,36
Senegal,1995,44
Senegal,1997,70
Senegal,1998,71
Senegal,1999,72
Senegal,2000,76
Senegal,2001,84
Senegal,2002,87
Senegal,2005,88
Senegal,2007,89
Senegal,2008,91
Senegal,2009,94
Senegal,2010,95
Senegal,2011,99
Senegal,2012,111
Senegal,2013,114
Senegal,2014,116
Senegal,2015,118
Serbia,2008,4
Serbia,2009,7
Serbia,2010,8
Serbia,2012,11
Serbia,2017,12
Serbia-Montenegro,2003,6
Serbia-Montenegro,2004,7
Serbia-Montenegro,2005,9
Serbia-Montenegro,2006,11
Seychelles,1981,2
Sierra Leone,1991,9
Sierra Leone,1992,13
Sierra Leone,1994,35
Sierra Leone,1995,49
Sierra Leone,1996,54
Sierra Leone,1997,57
Sierra Leone,1998,64
Sierra Leone,1999,73
Sierra Leone,2000,97
Sierra Leone,2016,98
Sierra Leone,2017,101
Singapore,1974,1
Singapore,1985,2
Singapore,1987,4
Singapore,1991,5
Singapore,1992,6
Singapore,1994,7
Slovak Republic,1994,1
Slovak Republic,1995,4
Slovak Republic,1996,9
Slovak Republic,1997,13
Slovak Republic,1998,15
Slovak Republic,1999,16
Slovak Republic,2000,17
Slovak Republic,2016,18
Slovenia,1994,1
Slovenia,1996,4
Slovenia,1997,5
Slovenia,2000,6
Solomon Islands,1999,1
Solomon Islands,2000,2
Solomon Islands,2002,3
Solomon Islands,2003,4
Somalia,1975,1
Somalia,1980,2
Somalia,1981,10
Somalia,1983,11
Somalia,1984,13
Somalia,1987,14
Somalia,1988,16
Somalia,1989,18
Somalia,1990,30
Somalia,1991,38
Somalia,1992,59
Somalia,1994,116
Somalia,1995,129
Somalia,1996,145
Somalia,1997,164
Somalia,1998,165
Somalia,1999,169
Somalia,2000,178
Somalia,2001,183
Somalia,2002,186
Somalia,2003,187
Somalia,2004,188
Somalia,2005,194
Somalia,2006,204
Somalia,2007,360
Somalia,2008,532
Somalia,2009,654
Somalia,2010,784
Somalia,2011,969
Somalia,2012,1294
Somalia,2013,1636
Somalia,2014,2508
Somalia,2015,2926
Somalia,2016,3528
Somalia,2017,4142
South Africa,1974,1
South Africa,1976,2
South Africa,1977,17
South Africa,1978,26
South Africa,1979,42
South Africa,1980,65
South Africa,1981,107
South Africa,1982,133
South Africa,1983,189
South Africa,1984,249
South Africa,1985,355
South Africa,1986,514
South Africa,1987,647
South Africa,1988,892
South Africa,1989,1041
South Africa,1990,1195
South Africa,1991,1322
South Africa,1992,1593
South Africa,1994,1767
South Africa,1995,1799
South Africa,1996,1846
South Africa,1997,1863
South Africa,1998,1869
South Africa,1999,1886
South Africa,2000,1907
South Africa,2002,1915
South Africa,2007,1917
South Africa,2008,1918
South Africa,2012,1922
South Africa,2013,1935
South Africa,2014,1955
South Africa,2015,1960
South Africa,2016,1987
South Africa,2017,2016
South Korea,1974,1
South Korea,1982,2
South Korea,1983,3
South Korea,1986,5
South Korea,1988,13
South Korea,1989,14
South Korea,1990,17
South Korea,1991,23
South Korea,1992,26
South Korea,1994,28
South Korea,1995,32
South Korea,1996,33
South Korea,2001,34
South Korea,2003,35
South Korea,2006,36
South Korea,2015,37
South Korea,2016,38
South Sudan,2012,5
South Sudan,2013,18
South Sudan,2014,58
South Sudan,2015,112
South Sudan,2016,171
South Sudan,2017,225
South Vietnam,1972,1
South Yemen,1971,1
South Yemen,1983,2
Soviet Union,1978,1
Soviet Union,1989,8
Soviet Union,1990,44
Soviet Union,1991,78
Spain,1970,4
Spain,1971,26
Spain,1972,45
Spain,1973,66
Spain,1974,80
Spain,1975,216
Spain,1976,266
Spain,1977,413
Spain,1978,622
Spain,1979,901
Spain,1980,1088
Spain,1981,1195
Spain,1982,1341
Spain,1983,1463
Spain,1984,1606
Spain,1985,1720
Spain,1986,1845
Spain,1987,1949
Spain,1988,2100
Spain,1989,2242
Spain,1990,2355
Spain,1991,2444
Spain,1992,2516
Spain,1994,2571
Spain,1995,2615
Spain,1996,2678
Spain,1997,2764
Spain,1998,2781
Spain,1999,2828
Spain,2000,2940
Spain,2001,3019
Spain,2002,3060
Spain,2003,3081
Spain,2004,3112
Spain,2005,3136
Spain,2006,3159
Spain,2007,3170
Spain,2008,3207
Spain,2009,3228
Spain,2010,3231
Spain,2012,3232
Spain,2013,3237
Spain,2014,3241
Spain,2015,3242
Spain,2016,3245
Spain,2017,3249
Sri Lanka,1975,1
Sri Lanka,1979,4
Sri Lanka,1981,6
Sri Lanka,1982,8
Sri Lanka,1983,15
Sri Lanka,1984,96
Sri Lanka,1985,206
Sri Lanka,1986,348
Sri Lanka,1987,463
Sri Lanka,1988,813
Sri Lanka,1989,1323
Sri Lanka,1990,1464
Sri Lanka,1991,1579
Sri Lanka,1992,1682
Sri Lanka,1994,1717
Sri Lanka,1995,1843
Sri Lanka,1996,2019
Sri Lanka,1997,2083
Sri Lanka,1998,2118
Sri Lanka,1999,2164
Sri Lanka,2000,2232
Sri Lanka,2001,2268
Sri Lanka,2002,2271
Sri Lanka,2003,2280
Sri Lanka,2004,2313
Sri Lanka,2005,2446
Sri Lanka,2006,2663
Sri Lanka,2007,2795
Sri Lanka,2008,2895
Sri Lanka,2009,2932
Sri Lanka,2010,2935
Sri Lanka,2012,2939
Sri Lanka,2013,2953
Sri Lanka,2014,2969
Sri Lanka,2015,2980
Sri Lanka,2016,2981
Sri Lanka,2017,3022
St. Kitts and Nevis,1995,2
St. Lucia,2000,1
Sudan,1973,1
Sudan,1981,2
Sudan,1982,5
Sudan,1983,8
Sudan,1984,13
Sudan,1986,19
Sudan,1987,20
Sudan,1988,30
Sudan,1989,38
Sudan,1990,39
Sudan,1991,42
Sudan,1992,49
Sudan,1994,54
Sudan,1995,58
Sudan,1996,68
Sudan,1997,71
Sudan,1999,76
Sudan,2000,83
Sudan,2001,92
Sudan,2002,105
Sudan,2004,110
Sudan,2005,116
Sudan,2006,140
Sudan,2007,163
Sudan,2008,195
Sudan,2009,221
Sudan,2010,249
Sudan,2011,287
Sudan,2012,327
Sudan,2013,373
Sudan,2014,530
Sudan,2015,688
Sudan,2016,861
Sudan,2017,967
Suriname,1982,1
Suriname,1983,2
Suriname,1984,3
Suriname,1986,11
Suriname,1987,24
Suriname,1988,33
Suriname,1989,50
Suriname,1990,57
Suriname,1991,58
Suriname,1992,63
Suriname,1994,64
Suriname,1997,66
Swaziland,1982,1
Swaziland,1984,2
Swaziland,1986,3
Swaziland,1987,4
Swaziland,1989,5
Swaziland,1991,6
Swaziland,1992,7
Swaziland,1995,8
Swaziland,1997,9
Swaziland,1998,10
Swaziland,1999,11
Swaziland,2003,12
Swaziland,2006,13
Swaziland,2008,16
Sweden,1971,2
Sweden,1972,5
Sweden,1975,6
Sweden,1978,7
Sweden,1979,8
Sweden,1983,9
Sweden,1986,12
Sweden,1989,15
Sweden,1990,21
Sweden,1991,27
Sweden,1992,39
Sweden,1994,40
Sweden,1995,41
Sweden,1996,42
Sweden,1997,46
Sweden,1999,48
Sweden,2000,49
Sweden,2005,52
Sweden,2006,53
Sweden,2008,54
Sweden,2009,55
Sweden,2010,58
Sweden,2011,59
Sweden,2012,61
Sweden,2014,66
Sweden,2015,98
Sweden,2016,114
Sweden,2017,132
Switzerland,1970,3
Switzerland,1971,4
Switzerland,1972,7
Switzerland,1973,9
Switzerland,1974,12
Switzerland,1975,15
Switzerland,1976,19
Switzerland,1977,23
Switzerland,1978,26
Switzerland,1979,32
Switzerland,1980,39
Switzerland,1981,52
Switzerland,1982,58
Switzerland,1983,61
Switzerland,1984,62
Switzerland,1985,69
Switzerland,1987,70
Switzerland,1988,74
Switzerland,1990,75
Switzerland,1991,77
Switzerland,1992,83
Switzerland,1995,88
Switzerland,1996,92
Switzerland,1997,93
Switzerland,1998,94
Switzerland,1999,96
Switzerland,2000,100
Switzerland,2001,102
Switzerland,2003,103
Switzerland,2007,105
Switzerland,2011,108
Switzerland,2013,110
Switzerland,2016,111
Syria,1974,4
Syria,1975,6
Syria,1976,8
Syria,1977,11
Syria,1978,12
Syria,1979,40
Syria,1980,73
Syria,1981,114
Syria,1982,134
Syria,1983,135
Syria,1984,136
Syria,1985,137
Syria,1986,141
Syria,1989,142
Syria,1996,144
Syria,1997,145
Syria,1998,146
Syria,2004,147
Syria,2006,148
Syria,2008,149
Syria,2011,198
Syria,2012,378
Syria,2013,663
Syria,2014,994
Syria,2015,1485
Syria,2016,1958
Syria,2017,2201
Taiwan,1971,1
Taiwan,1976,2
Taiwan,1990,3
Taiwan,1991,5
Taiwan,1992,25
Taiwan,1994,30
Taiwan,1995,34
Taiwan,1996,39
Taiwan,1997,40
Taiwan,2001,42
Taiwan,2004,44
Taiwan,2008,45
Taiwan,2013,47
Taiwan,2014,48
Taiwan,2016,49
Taiwan,2017,50
Tajikistan,1992,17
Tajikistan,1994,48
Tajikistan,1995,82
Tajikistan,1996,104
Tajikistan,1997,144
Tajikistan,1998,155
Tajikistan,1999,159
Tajikistan,2000,165
Tajikistan,2001,171
Tajikistan,2005,172
Tajikistan,2007,173
Tajikistan,2009,174
Tajikistan,2010,175
Tajikistan,2012,180
Tajikistan,2014,181
Tajikistan,2015,184
Tajikistan,2016,186
Tajikistan,2017,188
Tanzania,1975,1
Tanzania,1979,2
Tanzania,1982,3
Tanzania,1994,4
Tanzania,1995,5
Tanzania,1997,6
Tanzania,1998,7
Tanzania,2000,9
Tanzania,2001,13
Tanzania,2002,15
Tanzania,2004,16
Tanzania,2008,17
Tanzania,2010,18
Tanzania,2013,25
Tanzania,2014,36
Tanzania,2015,50
Tanzania,2016,53
Tanzania,2017,59
Thailand,1972,1
Thailand,1974,2
Thailand,1977,5
Thailand,1978,10
Thailand,1979,26
Thailand,1980,52
Thailand,1981,70
Thailand,1982,73
Thailand,1983,74
Thailand,1984,75
Thailand,1985,76
Thailand,1986,79
Thailand,1988,84
Thailand,1989,100
Thailand,1990,110
Thailand,1991,118
Thailand,1992,143
Thailand,1994,167
Thailand,1995,179
Thailand,1996,198
Thailand,1997,218
Thailand,1998,222
Thailand,1999,226
Thailand,2000,230
Thailand,2001,244
Thailand,2002,256
Thailand,2003,262
Thailand,2004,306
Thailand,2005,461
Thailand,2006,663
Thailand,2007,956
Thailand,2008,1156
Thailand,2009,1454
Thailand,2010,1707
Thailand,2011,1889
Thailand,2012,2168
Thailand,2013,2640
Thailand,2014,3063
Thailand,2015,3341
Thailand,2016,3670
Thailand,2017,3849
Togo,1985,3
Togo,1991,5
Togo,1992,32
Togo,1994,45
Togo,1995,46
Togo,1996,47
Togo,2005,48
Trinidad and Tobago,1976,1
Trinidad and Tobago,1979,2
Trinidad and Tobago,1981,3
Trinidad and Tobago,1983,4
Trinidad and Tobago,1989,5
Trinidad and Tobago,1991,6
Trinidad and Tobago,1992,7
Trinidad and Tobago,1994,8
Trinidad and Tobago,1995,12
Trinidad and Tobago,1996,15
Trinidad and Tobago,2005,17
Trinidad and Tobago,2010,18
Trinidad and Tobago,2013,21
Trinidad and Tobago,2015,22
Tunisia,1979,1
Tunisia,1980,2
Tunisia,1986,4
Tunisia,1987,8
Tunisia,1991,10
Tunisia,1994,11
Tunisia,1995,12
Tunisia,2000,13
Tunisia,2001,14
Tunisia,2002,15
Tunisia,2007,16
Tunisia,2008,18
Tunisia,2011,21
Tunisia,2012,24
Tunisia,2013,53
Tunisia,2014,76
Tunisia,2015,93
Tunisia,2016,105
Tunisia,2017,109
Turkey,1970,12
Turkey,1971,47
Turkey,1972,56
Turkey,1974,57
Turkey,1975,67
Turkey,1976,102
Turkey,1977,291
Turkey,1978,343
Turkey,1979,484
Turkey,1980,579
Turkey,1981,587
Turkey,1982,592
Turkey,1983,597
Turkey,1984,616
Turkey,1985,618
Turkey,1986,625
Turkey,1987,668
Turkey,1988,710
Turkey,1989,824
Turkey,1990,1019
Turkey,1991,1312
Turkey,1992,1826
Turkey,1994,2126
Turkey,1995,2259
Turkey,1996,2313
Turkey,1997,2357
Turkey,1998,2380
Turkey,1999,2489
Turkey,2000,2524
Turkey,2001,2543
Turkey,2002,2548
Turkey,2003,2567
Turkey,2004,2594
Turkey,2005,2635
Turkey,2006,2678
Turkey,2007,2707
Turkey,2008,2739
Turkey,2009,2752
Turkey,2010,2772
Turkey,2011,2823
Turkey,2012,3011
Turkey,2013,3053
Turkey,2014,3147
Turkey,2015,3569
Turkey,2016,4111
Turkey,2017,4292
Turkmenistan,2002,1
Turkmenistan,2014,2
Uganda,1979,8
Uganda,1981,33
Uganda,1982,34
Uganda,1983,40
Uganda,1984,43
Uganda,1985,50
Uganda,1986,51
Uganda,1987,52
Uganda,1988,67
Uganda,1989,82
Uganda,1990,96
Uganda,1991,98
Uganda,1992,101
Uganda,1994,114
Uganda,1995,121
Uganda,1996,150
Uganda,1997,174
Uganda,1998,192
Uganda,1999,211
Uganda,2000,231
Uganda,2001,255
Uganda,2002,279
Uganda,2003,309
Uganda,2004,319
Uganda,2005,330
Uganda,2007,331
Uganda,2008,338
Uganda,2009,340
Uganda,2010,346
Uganda,2012,350
Uganda,2014,356
Uganda,2015,366
Uganda,2016,381
Uganda,2017,394
Ukraine,1991,2
Ukraine,1992,3
Ukraine,1994,13
Ukraine,1995,15
Ukraine,1996,18
Ukraine,1997,20
Ukraine,1999,26
Ukraine,2000,27
Ukraine,2002,30
Ukraine,2003,31
Ukraine,2007,32
Ukraine,2008,33
Ukraine,2009,35
Ukraine,2010,39
Ukraine,2011,42
Ukraine,2012,50
Ukraine,2013,55
Ukraine,2014,950
Ukraine,2015,1587
Ukraine,2016,1648
Ukraine,2017,1709
United Arab Emirates,1974,1
United Arab Emirates,1977,2
United Arab Emirates,1978,3
United Arab Emirates,1979,5
United Arab Emirates,1980,6
United Arab Emirates,1981,9
United Arab Emirates,1983,10
United Arab Emirates,1985,12
United Arab Emirates,1986,13
United Arab Emirates,1989,14
United Arab Emirates,1992,15
United Arab Emirates,1995,17
United Arab Emirates,2010,19
United Arab Emirates,2013,20
United Arab Emirates,2014,22
United Kingdom,1970,12
United Kingdom,1971,93
United Kingdom,1972,385
United Kingdom,1973,574
United Kingdom,1974,777
United Kingdom,1975,971
United Kingdom,1976,1165
United Kingdom,1977,1305
United Kingdom,1978,1405
United Kingdom,1979,1644
United Kingdom,1980,1778
United Kingdom,1981,1920
United Kingdom,1982,2015
United Kingdom,1983,2192
United Kingdom,1984,2337
United Kingdom,1985,2404
United Kingdom,1986,2499
United Kingdom,1987,2616
United Kingdom,1988,2797
United Kingdom,1989,2960
United Kingdom,1990,3107
United Kingdom,1991,3369
United Kingdom,1992,3643
United Kingdom,1994,3899
United Kingdom,1995,3921
United Kingdom,1996,3957
United Kingdom,1997,4035
United Kingdom,1998,4098
United Kingdom,1999,4174
United Kingdom,2000,4235
United Kingdom,2001,4329
United Kingdom,2002,4350
United Kingdom,2003,4373
United Kingdom,2004,4378
United Kingdom,2005,4407
United Kingdom,2006,4413
United Kingdom,2007,4433
United Kingdom,2008,4472
United Kingdom,2009,4495
United Kingdom,2010,4552
United Kingdom,2011,4599
United Kingdom,2012,4654
United Kingdom,2013,4791
United Kingdom,2014,4894
United Kingdom,2015,5008
United Kingdom,2016,5113
United Kingdom,2017,5235
United States,1970,468
United States,1971,715
United States,1972,783
United States,1973,841
United States,1974,935
United States,1975,1084
United States,1976,1189
United States,1977,1319
United States,1978,1406
United States,1979,1475
United States,1980,1542
United States,1981,1616
United States,1982,1694
United States,1983,1738
United States,1984,1801
United States,1985,1841
United States,1986,1890
United States,1987,1924
United States,1988,1951
United States,1989,1993
United States,1990,2025
United States,1991,2055
United States,1992,2087
United States,1994,2142
United States,1995,2202
United States,1996,2237
United States,1997,2277
United States,1998,2308
United States,1999,2361
United States,2000,2393
United States,2001,2434
United States,2002,2467
United States,2003,2500
United States,2004,2509
United States,2005,2530
United States,2006,2536
United States,2007,2544
United States,2008,2562
United States,2009,2573
United States,2010,2590
United States,2011,2600
United States,2012,2620
United States,2013,2640
United States,2014,2669
United States,2015,2707
United States,2016,2771
United States,2017,2836
Uruguay,1970,33
Uruguay,1971,41
Uruguay,1972,48
Uruguay,1984,52
Uruguay,1985,54
Uruguay,1986,56
Uruguay,1989,57
Uruguay,1990,58
Uruguay,1991,61
Uruguay,1992,72
Uruguay,1994,76
Uruguay,1995,77
Uruguay,1996,78
Uruguay,1997,80
Uruguay,2005,81
Uruguay,2016,82
Uzbekistan,1992,2
Uzbekistan,1995,3
Uzbekistan,1999,11
Uzbekistan,2004,16
Uzbekistan,2005,18
Uzbekistan,2009,20
Uzbekistan,2015,21
Vanuatu,1996,2
Vatican City,1981,1
Venezuela,1970,2
Venezuela,1971,6
Venezuela,1972,7
Venezuela,1973,11
Venezuela,1974,14
Venezuela,1975,19
Venezuela,1976,23
Venezuela,1977,26
Venezuela,1978,33
Venezuela,1979,37
Venezuela,1980,45
Venezuela,1981,52
Venezuela,1982,54
Venezuela,1983,60
Venezuela,1984,64
Venezuela,1985,66
Venezuela,1986,74
Venezuela,1987,87
Venezuela,1988,97
Venezuela,1989,105
Venezuela,1990,106
Venezuela,1991,123
Venezuela,1992,155
Venezuela,1994,167
Venezuela,1995,178
Venezuela,1996,190
Venezuela,1997,231
Venezuela,1998,232
Venezuela,1999,237
Venezuela,2001,242
Venezuela,2002,247
Venezuela,2003,255
Venezuela,2007,257
Venezuela,2008,258
Venezuela,2009,261
Venezuela,2012,262
Venezuela,2013,263
Venezuela,2014,267
Venezuela,2015,270
Venezuela,2016,276
Venezuela,2017,293
Vietnam,1992,1
Vietnam,1994,2
Vietnam,1995,3
Vietnam,1996,4
Vietnam,1997,6
Vietnam,2001,10
Vietnam,2017,12
Wallis and Futuna,1994,1
West Bank and Gaza Strip,1972,1
West Bank and Gaza Strip,1976,2
West Bank and Gaza Strip,1978,6
West Bank and Gaza Strip,1979,28
West Bank and Gaza Strip,1980,84
West Bank and Gaza Strip,1981,101
West Bank and Gaza Strip,1982,140
West Bank and Gaza Strip,1983,174
West Bank and Gaza Strip,1984,200
West Bank and Gaza Strip,1985,201
West Bank and Gaza Strip,1986,214
West Bank and Gaza Strip,1987,225
West Bank and Gaza Strip,1988,243
West Bank and Gaza Strip,1989,343
West Bank and Gaza Strip,1990,431
West Bank and Gaza Strip,1991,514
West Bank and Gaza Strip,1992,633
West Bank and Gaza Strip,1994,798
West Bank and Gaza Strip,1995,865
West Bank and Gaza Strip,1996,895
West Bank and Gaza Strip,1997,917
West Bank and Gaza Strip,1998,929
West Bank and Gaza Strip,1999,940
West Bank and Gaza Strip,2000,968
West Bank and Gaza Strip,2001,1091
West Bank and Gaza Strip,2002,1177
West Bank and Gaza Strip,2003,1222
West Bank and Gaza Strip,2004,1256
West Bank and Gaza Strip,2005,1294
West Bank and Gaza Strip,2006,1329
West Bank and Gaza Strip,2007,1417
West Bank and Gaza Strip,2008,1480
West Bank and Gaza Strip,2009,1490
West Bank and Gaza Strip,2010,1501
West Bank and Gaza Strip,2011,1521
West Bank and Gaza Strip,2012,1544
West Bank and Gaza Strip,2013,1608
West Bank and Gaza Strip,2014,1741
West Bank and Gaza Strip,2015,1987
West Bank and Gaza Strip,2016,2144
West Bank and Gaza Strip,2017,2227
West Germany (FRG),1970,20
West Germany (FRG),1971,33
West Germany (FRG),1972,57
West Germany (FRG),1973,84
West Germany (FRG),1974,112
West Germany (FRG),1975,147
West Germany (FRG),1976,197
West Germany (FRG),1977,237
West Germany (FRG),1978,256
West Germany (FRG),1979,273
West Germany (FRG),1980,293
West Germany (FRG),1981,324
West Germany (FRG),1982,353
West Germany (FRG),1983,358
West Germany (FRG),1984,379
West Germany (FRG),1985,432
West Germany (FRG),1986,478
West Germany (FRG),1987,497
West Germany (FRG),1988,511
West Germany (FRG),1989,532
West Germany (FRG),1990,541
Western Sahara,1978,1
Western Sahara,1984,2
Western Sahara,1986,3
Western Sahara,1992,4
Western Sahara,2007,5
Yemen,1991,5
Yemen,1992,29
Yemen,1994,48
Yemen,1995,56
Yemen,1996,64
Yemen,1997,83
Yemen,1998,90
Yemen,1999,107
Yemen,2000,117
Yemen,2001,124
Yemen,2002,131
Yemen,2003,138
Yemen,2005,145
Yemen,2006,150
Yemen,2007,157
Yemen,2008,179
Yemen,2009,202
Yemen,2010,314
Yemen,2011,432
Yemen,2012,744
Yemen,2013,1169
Yemen,2014,1932
Yemen,2015,2596
Yemen,2016,3121
Yemen,2017,3347
Yugoslavia,1973,1
Yugoslavia,1974,2
Yugoslavia,1977,3
Yugoslavia,1980,4
Yugoslavia,1981,6
Yugoslavia,1983,7
Yugoslavia,1984,8
Yugoslavia,1989,11
Yugoslavia,1990,16
Yugoslavia,1991,27
Yugoslavia,1992,39
Yugoslavia,1994,40
Yugoslavia,1995,43
Yugoslavia,1996,59
Yugoslavia,1997,97
Yugoslavia,1998,143
Yugoslavia,1999,166
Yugoslavia,2000,180
Yugoslavia,2001,200
Yugoslavia,2002,203
Zaire,1972,3
Zaire,1973,4
Zaire,1977,5
Zaire,1984,8
Zaire,1988,9
Zaire,1991,15
Zaire,1992,20
Zaire,1994,26
Zaire,1995,32
Zaire,1996,45
Zaire,1997,50
Zambia,1971,1
Zambia,1973,2
Zambia,1975,3
Zambia,1977,4
Zambia,1978,7
Zambia,1979,8
Zambia,1981,9
Zambia,1985,10
Zambia,1986,11
Zambia,1987,12
Zambia,1988,17
Zambia,1989,35
Zambia,1990,39
Zambia,1995,40
Zambia,1996,44
Zambia,1999,51
Zambia,2000,59
Zambia,2002,60
Zambia,2017,62
Zimbabwe,1980,14
Zimbabwe,1981,23
Zimbabwe,1982,35
Zimbabwe,1983,41
Zimbabwe,1984,44
Zimbabwe,1985,45
Zimbabwe,1986,46
Zimbabwe,1987,57
Zimbabwe,1988,58
Zimbabwe,1989,61
Zimbabwe,1990,67
Zimbabwe,1991,68
Zimbabwe,1992,69
Zimbabwe,1994,70
Zimbabwe,1995,72
Zimbabwe,2000,73
Zimbabwe,2001,76
Zimbabwe,2002,84
Zimbabwe,2003,85
Zimbabwe,2006,86
Zimbabwe,2007,87
Zimbabwe,2008,92
Zimbabwe,2010,93
Zimbabwe,2011,94
Zimbabwe,2013,97
Zimbabwe,2014,98
Zimbabwe,2017,101
